{
  "1": {
    "avg@k": 0.5868081880212282,
    "pass@k": 0.5868081880212282
  },
  "2": {
    "avg@k": 0.5875663381349507,
    "pass@k": 0.6967399545109931
  },
  "3": {
    "avg@k": 0.589588071771544,
    "pass@k": 0.7452615617892343
  },
  "4": {
    "avg@k": 0.5932524639878696,
    "pass@k": 0.7816527672479151
  },
  "5": {
    "avg@k": 0.5959059893858984,
    "pass@k": 0.8013646702047005
  },
  "6": {
    "avg@k": 0.5964114227950468,
    "pass@k": 0.8188021228203184
  },
  "7": {
    "avg@k": 0.5973139824542403,
    "pass@k": 0.8286580742987112
  },
  "8": {
    "avg@k": 0.599128127369219,
    "pass@k": 0.8415466262319939
  }
}