{
  "1": {
    "avg@k": 0.6103108415466262,
    "pass@k": 0.6103108415466262
  },
  "2": {
    "avg@k": 0.6148597422289613,
    "pass@k": 0.7126611068991661
  },
  "3": {
    "avg@k": 0.6050037907505686,
    "pass@k": 0.756633813495072
  },
  "4": {
    "avg@k": 0.6076573161485974,
    "pass@k": 0.7892342683851402
  },
  "5": {
    "avg@k": 0.6031842304776345,
    "pass@k": 0.8059135708870356
  },
  "6": {
    "avg@k": 0.6008339651250948,
    "pass@k": 0.8188021228203184
  },
  "7": {
    "avg@k": 0.6019711902956786,
    "pass@k": 0.8324488248673237
  },
  "8": {
    "avg@k": 0.6008339651250948,
    "pass@k": 0.8400303260045489
  }
}