{
  "1": {
    "avg@k": 0.5943896891584534,
    "pass@k": 0.5943896891584534
  },
  "2": {
    "avg@k": 0.5985595147839272,
    "pass@k": 0.7119029567854435
  },
  "3": {
    "avg@k": 0.6037402072276977,
    "pass@k": 0.7649734647460197
  },
  "4": {
    "avg@k": 0.6025398028809704,
    "pass@k": 0.7884761182714177
  },
  "5": {
    "avg@k": 0.6019711902956786,
    "pass@k": 0.8074298711144806
  },
  "6": {
    "avg@k": 0.6022239070002527,
    "pass@k": 0.8271417740712661
  },
  "7": {
    "avg@k": 0.6026210332502978,
    "pass@k": 0.8369977255496588
  },
  "8": {
    "avg@k": 0.6016868840030326,
    "pass@k": 0.8423047763457164
  }
}