{
  "1": {
    "avg@k": 0.5974222896133434,
    "pass@k": 0.5974222896133434
  },
  "2": {
    "avg@k": 0.599696739954511,
    "pass@k": 0.7020470053070508
  },
  "3": {
    "avg@k": 0.5981804397270659,
    "pass@k": 0.7490523123578469
  },
  "4": {
    "avg@k": 0.5981804397270659,
    "pass@k": 0.7808946171341926
  },
  "5": {
    "avg@k": 0.5971190295678545,
    "pass@k": 0.8059135708870356
  },
  "6": {
    "avg@k": 0.599696739954511,
    "pass@k": 0.8165276724791509
  },
  "7": {
    "avg@k": 0.5991552041589948,
    "pass@k": 0.8256254738438211
  },
  "8": {
    "avg@k": 0.5989385898407885,
    "pass@k": 0.8362395754359363
  }
}