{
  "1": {
    "avg@k": 0.6125852918877938,
    "pass@k": 0.6125852918877938
  },
  "2": {
    "avg@k": 0.6095526914329037,
    "pass@k": 0.7270659590598939
  },
  "3": {
    "avg@k": 0.6034874905231236,
    "pass@k": 0.7702805155420773
  },
  "4": {
    "avg@k": 0.6017816527672479,
    "pass@k": 0.7930250189537529
  },
  "5": {
    "avg@k": 0.6022744503411676,
    "pass@k": 0.8134950720242609
  },
  "6": {
    "avg@k": 0.6009603234773818,
    "pass@k": 0.8271417740712661
  },
  "7": {
    "avg@k": 0.5992635113180982,
    "pass@k": 0.8309325246398787
  },
  "8": {
    "avg@k": 0.5973275208491281,
    "pass@k": 0.8369977255496588
  }
}