{
  "1": {
    "avg@k": 0.5708870356330553,
    "pass@k": 0.5708870356330553
  },
  "2": {
    "avg@k": 0.576194086429113,
    "pass@k": 0.6853677028051555
  },
  "3": {
    "avg@k": 0.5822592873388931,
    "pass@k": 0.7422289613343442
  },
  "4": {
    "avg@k": 0.5837755875663382,
    "pass@k": 0.7740712661106899
  },
  "5": {
    "avg@k": 0.5866565579984837,
    "pass@k": 0.7975739196360879
  },
  "6": {
    "avg@k": 0.5847864543846348,
    "pass@k": 0.8119787717968158
  },
  "7": {
    "avg@k": 0.5816094443842738,
    "pass@k": 0.8203184230477635
  },
  "8": {
    "avg@k": 0.5812168309325246,
    "pass@k": 0.8301743745261562
  }
}