{
  "1": {
    "avg@k": 0.5974222896133434,
    "pass@k": 0.5974222896133434
  },
  "2": {
    "avg@k": 0.6004548900682335,
    "pass@k": 0.7058377558756633
  },
  "3": {
    "avg@k": 0.610058124842052,
    "pass@k": 0.7680060652009097
  },
  "4": {
    "avg@k": 0.6137225170583775,
    "pass@k": 0.799090219863533
  },
  "5": {
    "avg@k": 0.6163760424564063,
    "pass@k": 0.8248673237300985
  },
  "6": {
    "avg@k": 0.615870609047258,
    "pass@k": 0.8400303260045489
  },
  "7": {
    "avg@k": 0.6155095851835806,
    "pass@k": 0.8483699772554966
  },
  "8": {
    "avg@k": 0.6144806671721,
    "pass@k": 0.8551933282789992
  }
}