{
  "1": {
    "avg@k": 0.6133434420015162,
    "pass@k": 0.6133434420015162
  },
  "2": {
    "avg@k": 0.6080363912054587,
    "pass@k": 0.7134192570128886
  },
  "3": {
    "avg@k": 0.6082891079100328,
    "pass@k": 0.7642153146322972
  },
  "4": {
    "avg@k": 0.6076573161485974,
    "pass@k": 0.7922668688400303
  },
  "5": {
    "avg@k": 0.6116755117513267,
    "pass@k": 0.8134950720242609
  },
  "6": {
    "avg@k": 0.6128380085923679,
    "pass@k": 0.8301743745261562
  },
  "7": {
    "avg@k": 0.6109606845012455,
    "pass@k": 0.8332069749810462
  },
  "8": {
    "avg@k": 0.6105951478392722,
    "pass@k": 0.8468536770280516
  }
}