{
  "1": {
    "avg@k": 0.6103108415466262,
    "pass@k": 0.6103108415466262
  },
  "2": {
    "avg@k": 0.6072782410917361,
    "pass@k": 0.709628506444276
  },
  "3": {
    "avg@k": 0.6123325751832196,
    "pass@k": 0.7573919636087946
  },
  "4": {
    "avg@k": 0.6131539044730857,
    "pass@k": 0.7907505686125853
  },
  "5": {
    "avg@k": 0.6098559514783928,
    "pass@k": 0.8127369219105383
  },
  "6": {
    "avg@k": 0.6109426333080616,
    "pass@k": 0.8271417740712661
  },
  "7": {
    "avg@k": 0.6095526914329037,
    "pass@k": 0.8362395754359363
  },
  "8": {
    "avg@k": 0.6113532979529946,
    "pass@k": 0.8506444275966641
  }
}