{
  "1": {
    "avg@k": 0.5905989385898408,
    "pass@k": 0.5905989385898408
  },
  "2": {
    "avg@k": 0.5940106141015921,
    "pass@k": 0.7035633055344959
  },
  "3": {
    "avg@k": 0.5981804397270659,
    "pass@k": 0.7505686125852918
  },
  "4": {
    "avg@k": 0.6008339651250948,
    "pass@k": 0.7824109173616376
  },
  "5": {
    "avg@k": 0.5995451099317665,
    "pass@k": 0.800606520090978
  },
  "6": {
    "avg@k": 0.6029820571139751,
    "pass@k": 0.819560272934041
  },
  "7": {
    "avg@k": 0.6029459547276075,
    "pass@k": 0.8369977255496588
  },
  "8": {
    "avg@k": 0.6041508718726308,
    "pass@k": 0.844579226686884
  }
}